{
	"debug": "yes",
	"debug": "true",
	"debug": "1",
	"debug": "on",
	"test": "yes",
	"test": "true",
	"test": "1",
	"test": "on",
	"source": "yes",
	"source": "true",
	"source": "1",
	"source": "on",
	"admin": "yes",
	"admin": "true",
	"admin": "1",
	"admin": "on",
	"show": "yes",
	"show": "true",
	"show": "1",
	"show": "on",
	"bot": "yes",
	"bot": "1",
	"bot": "on",
	"antibot": "off",
	"antibot": "0",
	"antibot": "no",
	"antibot": "none",
	"antibot": "nil",
	"antirobot": "off",
	"antirobot": "0",
	"antirobot": "no",
	"antirobot": "none",
	"antirobot": "nil",
	"env": "staging",
	"env": "test",
	"env": "testing",
	"env": "pre",
	"env": "pre-staging",
	"env": "daily",
	"env": "uat",
	"anticrawl": "off",
	"anticrawl": "0",
	"anticrawl": "none",
	"anticrawl": "no",
	"anticrawl": "nil",
	"captcha": "off",
	"captcha": "0",
	"captcha": "none",
	"captcha": "no",
	"captcha": "nil",
	"signing": "off",
	"signing": "0",
	"signing": "none",
	"signing": "no",
	"signing": "nil",
	"signature": "off",
	"signature": "0",
	"signature": "none",
	"signature": "no",
	"signature": "nil",
	"enc": "off",
	"enc": "0",
	"enc": "none",
	"enc": "no",
	"enc": "nil",
	"encryption": "off",
	"encryption": "0",
	"encryption": "none",
	"encryption": "no",
	"encryption": "nil",
	"automation": "on",
	"automation": "1",
	"automation": "yes",
	"waf": "disabled",
	"waf": "disable",
	"waf": "off",
	"waf": "0",
	"waf": "no",
	"security": "disabled",
	"security": "disable",
	"security": "0",
	"security": "no",
	"isdebug": "yes",
	"isdebug": "true",
	"isdebug": "1",
	"isdebug": "on",
	"istest": "yes",
	"istest": "true",
	"istest": "1",
	"istest": "on",
	"isadmin": "yes",
	"isadmin": "true",
	"isadmin": "1",
	"isadmin": "on",
	"isbot": "yes",
	"isbot": "1",
	"isbot": "on",
	"isenv": "staging",
	"isenv": "test",
	"isenv": "testing",
	"isenv": "pre",
	"isenv": "pre-staging",
	"isenv": "daily",
	"isenv": "uat",
	"hascaptcha": "off",
	"hascaptcha": "0",
	"hascaptcha": "none",
	"hascaptcha": "no",
	"hascaptcha": "nil",
	"hassigning": "off",
	"hassigning": "0",
	"hassigning": "none",
	"hassigning": "no",
	"hassigning": "nil",
	"hassignature": "off",
	"hassignature": "0",
	"hassignature": "none",
	"hassignature": "no",
	"hassignature": "nil",
	"isenc": "off",
	"isenc": "0",
	"isenc": "none",
	"isenc": "no",
	"isenc": "nil",
	"isencryption": "off",
	"isencryption": "0",
	"isencryption": "none",
	"isencryption": "no",
	"isencryption": "nil",
	"hasautomation": "on",
	"hasautomation": "1",
	"hasautomation": "yes",
	"haswaf": "disabled",
	"haswaf": "disable",
	"haswaf": "off",
	"haswaf": "0",
	"haswaf": "no",
	"issecurity": "disabled",
	"issecurity": "disable",
	"hassecurity": "0",
	"hassecurity": "no",
	"disable": "waf",
	"disable": "security",
	"disabled": "waf",
	"disabled": "security",
	"dosinglesignon": "1",
	"singlesignon": "1",
	"hassinglesignon": "1",
	"dosso": "1",
	"sso": "1",
	"hassso": "1"
}